,PPG measurement,External PPG Measurment,% Error
0,53.37925814,52,2.61770326
1,53.74124514,56,4.116510362
2,53.27596996,51,4.365281787
3,54.54572056,54,1.005512798
4,56.79497624,53,6.912847928
